1,young girls wearing goth clothes .
6,skateboarder in gray clothes jumps over a boot in front of an apartment .
8,boy laying on clothes .
6,brown-haired boy is laughing with his eyese clothes whiel lying on a pile of clothes .
6,toddler in blue clothes is balancing on a rock .
3,girl with bright red hair and black clothes is posing on a tree trunk .
3,man with long hair wearing gray clothes and a backpack .
6,group of children in blue clothes stand by a gate .
1,man looking down wearing racing clothes with a motorcycle to the right .
8,man stands outside .
6,man wearing dirt bike clothes , with a logo in close-up .
1,young woman looks happy in winter clothes while it snows .
6,women in winter clothes ride in a subway car with orange and yellow seats .
6,boy in black winter clothes sits on an inflated sled by a mound of snow .
1,baby in winter clothes plays outside .
1,small child wearing winter clothes smiles while standing in the snow .
6,smiling boy in winter clothes waves his mittened hands outside a building in the snow .
6,boy in dark blue clothes is kneeling while holding a toy .
6,person in white makeup and clothes blowing a whistle .
6,boy in black clothes is doing a cartwheel on the beach .
1,girl in colorful clothes and hat posing for the camera .
6,Asian girl is dressed in a colorful costume and yellow headdress .
1,woman wearing a colorful costume looks at the camera .
1,young woman with colorful clothes on .
4,middle eastern woman wearing a blue headscarf sits next to a boy in blue clothes .
4,woman and a boy are both wearing blue traditional Arab clothes
1,people walk through the snow wearing exotic clothes .
6,women dressed in colorful clothes and head coverings and a man and boy are walking in the snow .
6,person wearing clothes with a floral pattern leans on a trashcan cage .
2,man with long blond hair and a lot of jewelry stands by a wall .
8,child leaping toward a red bed .
8,little boy jumps high off his bed .
8,little boy jumps off of a bunk bed onto another bed .
8,small boy jumps from a bunk bed onto a single bed .
8,young boy jumping from a bunk bed on a smaller bed .
9,girl in a colorful skirt and blue shirt pounces onto her bed .
6,girl in colorful clothing is jumping on a bed with a color-block quilt .
8,woman is flying through the air and landing on a bed .
9,young girl in a colorful skirt is in the midst of falling onto a bed .
9,in multicolor skirt airborne above a bed with a multicolor bedspread .
8,blond child is jumping facefirst onto a bed .
8,little boy jumps onto a bed .
8,in black shirt jumps onto bed from dresser .
8,is bouncing over the bed wearing a black t-shirt .
8,blonde boy is falling onto a bed .
8,girls are dressed up and sitting on a bed laughing .
8,girls dressed to party sit on a bed laughing .
1,woman in dresses smiling at the camera .
6,young ladies are sitting on a small be in skimpy dresses .
8,young women sit on the edge of the bed all dressed up .
8,dogs lay upside down on a purple bed .
8,dogs lying on their backs on the purple bed .
8,pose for the picture while sitting on a bed .
6,girls dressed in black are sitting in a room making suggestive poses at the camera .
9,women pose for a picture in a bedroom .
8,young women are sitting on a bed beside some posters .
8,young women sit on a bed .
8,dog looks content sitting on a bed after ripping up some paper
8,very large dog laying on a bed with pieces of paper all around him .
0,dog is lying on a bed with torn paper nearby and a person watching nearby .
8,large brown dog sat on the bed surronded by wrapping paper .
8,two children are in the bed with comic books .
8,boys reading superhero books
8,boys read spiderman and xmen comic books .
8,children read in bed .
8,young boys read comic books in bed .
6,girl dressed in orange flies in the air while jumping on the bed .
8,girl is jumping on the bed .
9,lady with a yellow outfit is in the air above the bed in a yellow room .
6,little girl in an orange striped outfit is airborne whilst bouncing on a bed .
8,girl jumping on a bed .
8,dachshund puppy jumps on a bed .
8,puppy jumps on a bed with purple sheets .
8,puppy on a bed with blue sheets and pillow .
5,small black and brown puppy is looking up
8,dog is on the bed .
8,boy jumps on a bed .
8,kid is jumping on a structure covered with soft material .
8,little boy wearing white jumps on the bed .
6,toddler in a white sports shorts set jumping on a bed
8,in white jumping on bed
6,boy with a broken arm is resting in a bed .
6,boy with a broken arm is sleeping .
6,boy with his arm wrapped in an ACE bandage rests in a bed .
6,kid with a broken arm asleep in his bed
8,curly-haired boy jumps up on a bed .
8,little boy jumping on the bed
6,little boy with brown curly hair , wearing a red shirt , is jumping on a white bed .
6,young boy in a red shirt jumps on a bed .
7,blonde boys are playing on a bed .
8,boys fight .
8,boys with blonde hair , wearing stripped shirts on a bed .
6,little blond boys play on a bed in a room with wood paneling .
7,little boys are playing together on the bed .
6,baby in a white top is sitting on a bed .
8,baby wearing a " my best buddy " shirt on a bed .
8,cute baby boy is sitting on the bed looking very happy .
8,small baby sits on a bed and smiles .
8,boy wearing blue shorts sitting on bed .
8,group of young children playing pillow fight on a bed .
