young girls wearing goth clothes .,5
skateboarder in gray clothes jumps over a boot in front of an apartment .,5
boy laying on clothes .,5
brown-haired boy is laughing with his eyese clothes whiel lying on a pile of clothes .,5
toddler in blue clothes is balancing on a rock .,5
girl with bright red hair and black clothes is posing on a tree trunk .,5
man with long hair wearing gray clothes and a backpack .,0
group of children in blue clothes stand by a gate .,5
man looking down wearing racing clothes with a motorcycle to the right .,5
man stands outside .,0
man wearing dirt bike clothes , with a logo in close-up .,5
young woman looks happy in winter clothes while it snows .,5
women in winter clothes ride in a subway car with orange and yellow seats .,5
boy in black winter clothes sits on an inflated sled by a mound of snow .,5
baby in winter clothes plays outside .,1
small child wearing winter clothes smiles while standing in the snow .,5
smiling boy in winter clothes waves his mittened hands outside a building in the snow .,1
boy in dark blue clothes is kneeling while holding a toy .,5
person in white makeup and clothes blowing a whistle .,5
boy in black clothes is doing a cartwheel on the beach .,5
girl in colorful clothes and hat posing for the camera .,5
Asian girl is dressed in a colorful costume and yellow headdress .,5
woman wearing a colorful costume looks at the camera .,5
young woman with colorful clothes on .,2
middle eastern woman wearing a blue headscarf sits next to a boy in blue clothes .,5
woman and a boy are both wearing blue traditional Arab clothes,5
people walk through the snow wearing exotic clothes .,5
women dressed in colorful clothes and head coverings and a man and boy are walking in the snow .,5
person wearing clothes with a floral pattern leans on a trashcan cage .,5
man with long blond hair and a lot of jewelry stands by a wall .,5
child leaping toward a red bed .,2
little boy jumps high off his bed .,5
little boy jumps off of a bunk bed onto another bed .,5
small boy jumps from a bunk bed onto a single bed .,5
young boy jumping from a bunk bed on a smaller bed .,2
girl in a colorful skirt and blue shirt pounces onto her bed .,5
girl in colorful clothing is jumping on a bed with a color-block quilt .,5
woman is flying through the air and landing on a bed .,2
young girl in a colorful skirt is in the midst of falling onto a bed .,5
in multicolor skirt airborne above a bed with a multicolor bedspread .,2
blond child is jumping facefirst onto a bed .,5
little boy jumps onto a bed .,0
in black shirt jumps onto bed from dresser .,0
is bouncing over the bed wearing a black t-shirt .,5
blonde boy is falling onto a bed .,1
girls are dressed up and sitting on a bed laughing .,1
girls dressed to party sit on a bed laughing .,1
woman in dresses smiling at the camera .,0
young ladies are sitting on a small be in skimpy dresses .,1
young women sit on the edge of the bed all dressed up .,5
dogs lay upside down on a purple bed .,5
dogs lying on their backs on the purple bed .,1
pose for the picture while sitting on a bed .,5
girls dressed in black are sitting in a room making suggestive poses at the camera .,5
women pose for a picture in a bedroom .,5
young women are sitting on a bed beside some posters .,5
young women sit on a bed .,5
dog looks content sitting on a bed after ripping up some paper,5
very large dog laying on a bed with pieces of paper all around him .,5
dog is lying on a bed with torn paper nearby and a person watching nearby .,5
large brown dog sat on the bed surronded by wrapping paper .,5
two children are in the bed with comic books .,2
boys reading superhero books,0
boys read spiderman and xmen comic books .,1
children read in bed .,5
young boys read comic books in bed .,1
girl dressed in orange flies in the air while jumping on the bed .,5
girl is jumping on the bed .,0
lady with a yellow outfit is in the air above the bed in a yellow room .,0
little girl in an orange striped outfit is airborne whilst bouncing on a bed .,5
girl jumping on a bed .,0
dachshund puppy jumps on a bed .,1
puppy jumps on a bed with purple sheets .,1
puppy on a bed with blue sheets and pillow .,1
small black and brown puppy is looking up,5
dog is on the bed .,5
boy jumps on a bed .,5
kid is jumping on a structure covered with soft material .,5
little boy wearing white jumps on the bed .,1
toddler in a white sports shorts set jumping on a bed,5
in white jumping on bed,0
boy with a broken arm is resting in a bed .,1
boy with a broken arm is sleeping .,5
boy with his arm wrapped in an ACE bandage rests in a bed .,5
kid with a broken arm asleep in his bed,5
curly-haired boy jumps up on a bed .,2
little boy jumping on the bed,2
little boy with brown curly hair , wearing a red shirt , is jumping on a white bed .,0
young boy in a red shirt jumps on a bed .,5
blonde boys are playing on a bed .,5
boys fight .,0
boys with blonde hair , wearing stripped shirts on a bed .,0
little blond boys play on a bed in a room with wood paneling .,1
little boys are playing together on the bed .,5
baby in a white top is sitting on a bed .,5
baby wearing a " my best buddy " shirt on a bed .,5
cute baby boy is sitting on the bed looking very happy .,5
small baby sits on a bed and smiles .,2
boy wearing blue shorts sitting on bed .,5
group of young children playing pillow fight on a bed .,1
